Row ID,Order ID,Order Date,Ship Date,Ship Mode,Customer ID,Segment,Region,State,Category,Sub-Category,Product Name,Price,Quantity,Discount,total_amount
280,ORD-1280,2023-03-13,2023-03-20,Same Day,CUST-193,Consumer,South,Pennsylvania,Office Supplies,Supplies,Supplies Item 4,$467.98,1,0.15,$467.98
103,ORD-1103,2023-06-21,2023-06-23,Same Day,CUST-153,Consumer,West,New York,Furniture,Bookcases,Bookcases Item 33,$525.62,7,0.1,"$3,679.34"
172,ORD-1172,2023-12-12,2023-12-15,Standard Class,CUST-170,Consumer,South,Pennsylvania,Technology,Accessories,Accessories Item 28,$456.39,3,0.15,"$1,369.17"
171,ORD-1171,2023-12-02,2023-12-05,Same Day,CUST-184,Home Office,East,Arizona,Furniture,Tables,Tables Item 44,$109.00,5,0,$545.00
39,ORD-1039,2023-07-30,2023-08-01,Standard Class,CUST-111,Corporate,West,Pennsylvania,Furniture,Tables,Tables Item 3,$99.35,7,0,$695.45
265,ORD-1265,2023-04-16,2023-04-22,Same Day,CUST-122,Consumer,East,Arizona,Furniture,Tables,Tables Item 26,$416.83,4,0.2,"$1,667.32"
133,ORD-1133,2023-01-30,2023-02-01,Standard Class,CUST-115,Consumer,East,Florida,Technology,Phones,Phones Item 30,$405.38,6,0,"$2,432.28"
160,ORD-1160,2023-04-16,2023-04-23,Second Class,CUST-106,Home Office,West,Washington,Office Supplies,Supplies,Supplies Item 40,$151.77,4,0.3,$607.08
38,ORD-1038,2023-05-11,2023-05-13,Same Day,CUST-179,Consumer,Central,Arizona,Technology,Accessories,Accessories Item 8,$506.85,5,0,"$2,534.25"
82,ORD-1082,2023-09-22,2023-09-25,Second Class,CUST-151,Home Office,Central,Arizona,Technology,Phones,Phones Item 43,$267.48,5,0.2,"$1,337.40"
275,ORD-1275,2023-12-17,2023-12-24,Same Day,CUST-147,Corporate,Central,Arizona,Furniture,Furnishings,Furnishings Item 24,$200.38,6,0,"$1,202.28"
61,ORD-1061,2023-11-28,2023-11-29,Same Day,CUST-100,Consumer,West,Georgia,Furniture,Furnishings,Furnishings Item 31,$441.61,8,0,"$3,532.88"
228,ORD-1228,2023-03-23,2023-03-25,Second Class,CUST-105,Corporate,East,Pennsylvania,Furniture,Chairs,Chairs Item 21,$286.47,1,0.15,$286.47
270,ORD-1270,2023-10-22,2023-10-25,Standard Class,CUST-131,Corporate,West,New York,Office Supplies,Fasteners,Fasteners Item 10,$468.38,8,0.1,"$3,747.04"
67,ORD-1067,2023-07-17,2023-07-20,Standard Class,CUST-155,Corporate,South,Illinois,Furniture,Bookcases,Bookcases Item 33,$517.56,2,0,"$1,035.12"
130,ORD-1130,2023-02-02,2023-02-09,Same Day,CUST-162,Home Office,Central,Georgia,Furniture,Tables,Tables Item 6,$141.83,2,0,$283.66
139,ORD-1139,2023-02-23,2023-02-25,Standard Class,CUST-153,Home Office,West,California,Office Supplies,Supplies,Supplies Item 13,$20.41,4,0,$81.64
58,ORD-1058,2023-01-05,2023-01-08,Second Class,CUST-188,Home Office,East,Washington,Furniture,Tables,Tables Item 6,$548.38,1,0.3,$548.38
89,ORD-1089,2023-08-21,2023-08-24,Same Day,CUST-111,Consumer,West,Washington,Office Supplies,Fasteners,Fasteners Item 39,$271.38,8,0.3,"$2,171.04"
123,ORD-1123,2023-05-06,2023-05-10,First Class,CUST-170,Corporate,East,Ohio,Furniture,Chairs,Chairs Item 19,$286.29,1,0.2,$286.29
85,ORD-1085,2023-04-05,2023-04-06,Second Class,CUST-189,Home Office,Central,New York,Furniture,Chairs,Chairs Item 16,$330.77,5,0,"$1,653.85"
262,ORD-1262,2023-07-07,2023-07-14,Standard Class,CUST-147,Corporate,Central,Arizona,Office Supplies,Art,Art Item 49,$250.01,5,0,"$1,250.05"
4,ORD-1004,2023-01-25,2023-02-01,Standard Class,CUST-185,Home Office,East,Pennsylvania,Office Supplies,Storage,Storage Item 10,$258.83,4,0,"$1,035.32"
90,ORD-1090,2023-04-29,2023-05-06,Same Day,CUST-139,Consumer,East,Ohio,Office Supplies,Art,Art Item 5,$307.28,5,0.2,"$1,536.40"
285,ORD-1285,2023-07-17,2023-07-19,Standard Class,CUST-108,Home Office,South,Georgia,Technology,Machines,Machines Item 17,$286.47,4,0.1,"$1,145.86"
278,ORD-1278,2023-11-12,2023-11-14,Second Class,CUST-143,Consumer,Central,Texas,Furniture,Chairs,Chairs Item 9,$454.13,5,0.3,"$2,270.65"
129,ORD-1129,2023-06-24,2023-06-26,First Class,CUST-117,Corporate,East,Texas,Technology,Copiers,Copiers Item 24,$145.65,2,0,$291.30
156,ORD-1156,2023-12-30,2024-01-05,Same Day,CUST-173,Consumer,Central,Ohio,Furniture,Furnishings,Furnishings Item 23,$286.47,5,0.15,"$1,432.33"
177,ORD-1177,2023-04-20,2023-04-25,Same Day,CUST-120,Home Office,West,New York,Technology,Phones,Phones Item 11,$234.81,5,0,"$1,174.05"
31,ORD-1031,2023-10-07,2023-10-12,Standard Class,CUST-119,Home Office,East,Texas,Office Supplies,Fasteners,Fasteners Item 36,$407.49,7,0,"$2,852.43"
91,ORD-1091,2023-06-12,2023-06-18,Same Day,CUST-103,Consumer,Central,Arizona,Furniture,Bookcases,Bookcases Item 3,$63.67,8,0.15,$509.36
15,ORD-1015,2023-05-04,2023-05-11,Standard Class,CUST-187,Corporate,East,New York,Technology,Phones,Phones Item 14,$533.17,3,0.2,"$1,599.51"
116,ORD-1116,2023-09-02,2023-09-07,Same Day,CUST-116,Home Office,South,California,Office Supplies,Paper,Paper Item 50,$6.19,8,0,$49.52
115,ORD-1115,2023-11-05,2023-11-10,Standard Class,CUST-170,Home Office,Central,California,Technology,Accessories,Accessories Item 45,$328.23,2,0,$656.46
162,ORD-1162,2023-10-18,2023-10-23,Same Day,CUST-195,Consumer,East,Texas,Furniture,Furnishings,Furnishings Item 26,$55.98,6,0.2,$335.88
149,ORD-1149,2023-09-12,2023-09-15,Standard Class,CUST-142,Consumer,West,Georgia,Technology,Copiers,Copiers Item 5,$368.45,2,0.15,$736.90
224,ORD-1224,2023-06-10,2023-06-17,First Class,CUST-187,Corporate,East,Florida,Technology,Accessories,Accessories Item 24,$48.31,6,0,$289.86
140,ORD-1140,2023-01-01,2023-01-04,First Class,CUST-158,Consumer,Central,Arizona,Furniture,Bookcases,Bookcases Item 21,$294.41,6,0,"$1,766.46"
66,ORD-1066,2023-05-18,2023-05-25,Second Class,CUST-144,Corporate,East,Illinois,Office Supplies,Paper,Paper Item 32,$316.54,4,0,"$1,266.16"
3,ORD-1003,2023-06-14,2023-06-16,Same Day,CUST-153,Home Office,West,Georgia,Technology,Copiers,Copiers Item 42,$348.89,2,0.2,$697.78
227,ORD-1227,2023-10-01,2023-10-03,First Class,CUST-158,Corporate,East,New York,Furniture,Tables,Tables Item 18,$308.12,5,0,"$1,540.60"
284,ORD-1284,2023-03-14,2023-03-20,First Class,CUST-123,Corporate,South,New York,Technology,Copiers,Copiers Item 47,$144.81,1,0.15,$144.81
290,ORD-1290,2023-05-03,2023-05-07,Standard Class,CUST-137,Home Office,East,Texas,Technology,Phones,Phones Item 19,$293.62,2,0.15,$587.24
128,ORD-1128,2023-01-18,2023-01-21,Same Day,CUST-191,Home Office,West,California,Furniture,Furnishings,Furnishings Item 5,$415.41,5,0.3,"$2,077.05"
74,ORD-1074,2023-10-27,2023-10-28,Same Day,CUST-126,Corporate,Central,New York,Office Supplies,Envelopes,Envelopes Item 9,$175.39,1,0.2,$175.39
221,ORD-1221,2023-04-12,2023-04-14,Standard Class,CUST-134,Consumer,West,Illinois,Technology,Machines,Machines Item 24,$218.06,6,0,"$1,308.36"
246,ORD-1246,2023-03-17,2023-03-20,Same Day,CUST-158,Consumer,South,Arizona,Furniture,Bookcases,Bookcases Item 42,$17.35,4,0,$69.40
178,ORD-1178,2023-08-26,2023-09-02,Same Day,CUST-130,Corporate,Central,Illinois,Furniture,Chairs,Chairs Item 3,$199.12,3,0,$597.36
283,ORD-1283,2023-05-18,2023-05-20,Second Class,CUST-144,Corporate,East,Washington,Office Supplies,Paper,Paper Item 37,$121.52,8,0.3,$972.16
71,ORD-1071,2023-07-19,2023-07-24,Second Class,CUST-162,Corporate,Central,Illinois,Technology,Accessories,Accessories Item 40,$303.83,2,0.1,$607.66
269,ORD-1269,2023-01-14,2023-01-17,Second Class,CUST-152,Consumer,South,California,Office Supplies,Storage,Storage Item 26,$351.62,4,0,"$1,406.48"
299,ORD-1299,2023-05-27,2023-05-30,Standard Class,CUST-168,Corporate,Central,Ohio,Technology,Copiers,Copiers Item 19,$469.53,1,0.15,$469.53
100,ORD-1100,2023-11-22,2023-11-29,Standard Class,CUST-150,Home Office,South,Illinois,Technology,Copiers,Copiers Item 30,$360.78,1,0,$360.78
102,ORD-1102,2023-08-20,2023-08-24,First Class,CUST-145,Home Office,East,Washington,Technology,Machines,Machines Item 34,$286.47,6,0.3,"$1,718.79"
92,ORD-1092,2023-08-28,2023-09-03,Same Day,CUST-183,Home Office,South,Florida,Office Supplies,Fasteners,Fasteners Item 41,$30.73,8,0,$245.84
256,ORD-1256,2023-09-09,2023-09-12,First Class,CUST-165,Corporate,East,Georgia,Office Supplies,Envelopes,Envelopes Item 4,$421.70,2,0,$843.40
169,ORD-1169,2023-04-23,2023-04-26,Standard Class,CUST-121,Corporate,West,Ohio,Office Supplies,Art,Art Item 38,$68.93,7,0,$482.51
19,ORD-1019,2023-08-30,2023-09-01,Second Class,CUST-109,Consumer,East,Pennsylvania,Furniture,Tables,Tables Item 9,$509.12,8,0.15,"$4,072.96"
81,ORD-1081,2023-04-09,2023-04-11,First Class,CUST-180,Home Office,South,Washington,Furniture,Chairs,Chairs Item 33,$369.93,7,0.2,"$2,589.51"
75,ORD-1075,2023-06-09,2023-06-15,Second Class,CUST-182,Corporate,Central,Pennsylvania,Office Supplies,Binders,Binders Item 8,$332.06,6,0,"$1,992.36"
240,ORD-1240,2023-02-14,2023-02-20,Same Day,CUST-190,Consumer,South,Arizona,Technology,Phones,Phones Item 23,$482.67,2,0.1,$965.34
56,ORD-1056,2023-01-02,2023-01-08,First Class,CUST-191,Corporate,West,Illinois,Technology,Machines,Machines Item 43,$351.84,1,0,$351.84
151,ORD-1151,2023-03-04,2023-03-05,First Class,CUST-126,Home Office,West,Illinois,Office Supplies,Fasteners,Fasteners Item 15,$372.41,8,0.3,"$2,979.28"
207,ORD-1207,2023-12-07,2023-12-08,Same Day,CUST-118,Consumer,South,Florida,Technology,Phones,Phones Item 46,$297.32,6,0.15,"$1,783.92"
232,ORD-1232,2023-05-13,2023-05-20,First Class,CUST-103,Consumer,West,Georgia,Technology,Accessories,Accessories Item 26,$446.23,7,0,"$3,123.61"
223,ORD-1223,2023-07-16,2023-07-22,Same Day,CUST-189,Corporate,Central,Ohio,Office Supplies,Paper,Paper Item 33,$477.48,5,0.3,"$2,387.40"
239,ORD-1239,2023-01-27,2023-01-29,Second Class,CUST-104,Home Office,East,Washington,Furniture,Bookcases,Bookcases Item 16,$341.93,5,0.2,"$1,709.65"
241,ORD-1241,2023-01-17,2023-01-23,Same Day,CUST-171,Corporate,Central,New York,Office Supplies,Fasteners,Fasteners Item 6,$134.13,3,0.1,$402.39
23,ORD-1023,2023-09-01,2023-09-06,Same Day,CUST-126,Consumer,South,Pennsylvania,Furniture,Chairs,Chairs Item 37,$423.68,3,0,"$1,271.04"
146,ORD-1146,2023-02-03,2023-02-08,First Class,CUST-181,Corporate,West,Arizona,Technology,Phones,Phones Item 23,$491.30,6,0.2,"$2,947.80"
259,ORD-1259,2023-10-02,2023-10-06,Same Day,CUST-139,Corporate,West,Arizona,Technology,Phones,Phones Item 12,$286.47,7,0.2,"$2,005.26"
254,ORD-1254,2023-01-14,2023-01-19,Standard Class,CUST-184,Consumer,South,New York,Furniture,Bookcases,Bookcases Item 27,$393.16,4,0.1,"$1,572.64"
174,ORD-1174,2023-05-08,2023-05-12,Same Day,CUST-136,Home Office,Central,California,Furniture,Bookcases,Bookcases Item 27,$175.85,4,0.1,$703.40
281,ORD-1281,2023-06-25,2023-06-28,Second Class,CUST-154,Corporate,West,Ohio,Office Supplies,Labels,Labels Item 37,$44.96,6,0.2,$269.76
98,ORD-1098,2023-01-31,2023-02-01,Standard Class,CUST-119,Corporate,West,Florida,Furniture,Tables,Tables Item 23,$350.46,8,0,"$2,803.68"
298,ORD-1298,2023-05-28,2023-05-31,Second Class,CUST-119,Home Office,South,New York,Furniture,Chairs,Chairs Item 10,$372.45,3,0,"$1,117.35"
226,ORD-1226,2023-03-13,2023-03-19,Same Day,CUST-181,Home Office,East,Ohio,Office Supplies,Paper,Paper Item 44,$489.88,2,0,$979.76
263,ORD-1263,2023-02-22,2023-02-23,Second Class,CUST-100,Corporate,Central,Florida,Technology,Phones,Phones Item 39,$404.47,6,0,"$2,426.82"
105,ORD-1105,2023-04-07,2023-04-11,First Class,CUST-130,Consumer,West,Georgia,Office Supplies,Art,Art Item 6,$213.94,7,0,"$1,497.58"
182,ORD-1182,2023-04-30,2023-05-04,Second Class,CUST-147,Consumer,East,Arizona,Office Supplies,Supplies,Supplies Item 20,$221.05,7,0.15,"$1,547.35"
95,ORD-1095,2023-06-13,2023-06-16,Same Day,CUST-126,Corporate,East,Georgia,Office Supplies,Labels,Labels Item 10,$50.31,6,0,$301.86
244,ORD-1244,2023-05-24,2023-05-27,Standard Class,CUST-161,Corporate,Central,Texas,Furniture,Bookcases,Bookcases Item 50,$55.22,5,0,$276.10
25,ORD-1025,2023-03-15,2023-03-22,Second Class,CUST-127,Corporate,South,Arizona,Office Supplies,Storage,Storage Item 13,$515.08,2,0,"$1,030.16"
87,ORD-1087,2023-07-08,2023-07-14,Standard Class,CUST-192,Corporate,East,New York,Technology,Machines,Machines Item 44,$66.30,5,0.2,$331.50
279,ORD-1279,2023-08-11,2023-08-18,Second Class,CUST-101,Consumer,East,Washington,Technology,Phones,Phones Item 48,$10.58,7,0.2,$74.06
155,ORD-1155,2023-10-24,2023-10-27,First Class,CUST-123,Corporate,East,Arizona,Technology,Accessories,Accessories Item 47,$464.45,8,0.3,"$3,715.60"
63,ORD-1063,2023-06-16,2023-06-18,Same Day,CUST-111,Home Office,South,Washington,Technology,Phones,Phones Item 38,$347.99,1,0.2,$347.99
287,ORD-1287,2023-04-02,2023-04-07,Same Day,CUST-111,Corporate,East,Ohio,Office Supplies,Supplies,Supplies Item 25,$81.33,3,0,$243.99
79,ORD-1079,2023-04-30,2023-05-01,First Class,CUST-172,Consumer,East,New York,Office Supplies,Art,Art Item 24,$86.27,3,0,$258.81
112,ORD-1112,2023-11-24,2023-11-30,First Class,CUST-182,Consumer,Central,Illinois,Technology,Phones,Phones Item 46,$252.13,8,0.15,"$2,017.04"
51,ORD-1051,2023-03-03,2023-03-05,Same Day,CUST-154,Consumer,South,New York,Technology,Accessories,Accessories Item 24,$289.36,6,0.2,"$1,736.16"
175,ORD-1175,2023-11-05,2023-11-06,Standard Class,CUST-100,Consumer,West,Washington,Technology,Accessories,Accessories Item 45,$356.87,7,0,"$2,498.09"
127,ORD-1127,2023-07-04,2023-07-08,Same Day,CUST-118,Corporate,Central,Florida,Technology,Machines,Machines Item 20,$75.59,3,0,$226.77
126,ORD-1126,2023-08-18,2023-08-21,Second Class,CUST-130,Corporate,South,Washington,Office Supplies,Supplies,Supplies Item 30,$227.39,1,0.15,$227.39
164,ORD-1164,2023-09-06,2023-09-12,First Class,CUST-178,Home Office,Central,Florida,Furniture,Bookcases,Bookcases Item 17,$412.86,6,0.2,"$2,477.16"
53,ORD-1053,2023-09-24,2023-09-27,First Class,CUST-174,Consumer,South,Pennsylvania,Technology,Accessories,Accessories Item 17,$494.51,7,0.2,"$3,461.57"
62,ORD-1062,2023-03-31,2023-04-01,Second Class,CUST-176,Home Office,East,California,Furniture,Bookcases,Bookcases Item 39,$385.17,7,0.2,"$2,696.19"
286,ORD-1286,2023-02-21,2023-02-23,Second Class,CUST-132,Consumer,East,Pennsylvania,Office Supplies,Envelopes,Envelopes Item 27,$464.13,1,0.1,$464.13
194,ORD-1194,2023-01-26,2023-01-28,Second Class,CUST-129,Home Office,East,Texas,Furniture,Bookcases,Bookcases Item 2,$288.17,5,0.1,"$1,440.85"
29,ORD-1029,2023-09-20,2023-09-27,Same Day,CUST-118,Consumer,Central,Arizona,Technology,Accessories,Accessories Item 39,$534.62,4,0.1,"$2,138.48"
70,ORD-1070,2023-12-02,2023-12-03,Standard Class,CUST-140,Corporate,East,California,Technology,Copiers,Copiers Item 12,$316.56,3,0.1,$949.68
37,ORD-1037,2023-07-13,2023-07-15,Standard Class,CUST-122,Home Office,South,Georgia,Furniture,Tables,Tables Item 41,$286.47,8,0,"$2,291.72"
41,ORD-1041,2023-06-29,2023-07-01,First Class,CUST-122,Consumer,West,Ohio,Technology,Phones,Phones Item 29,$231.28,3,0,$693.84
154,ORD-1154,2023-05-13,2023-05-17,Same Day,CUST-189,Home Office,East,Florida,Office Supplies,Labels,Labels Item 17,$301.32,6,0.1,"$1,807.92"
12,ORD-1012,2023-02-16,2023-02-20,Second Class,CUST-175,Home Office,South,New York,Technology,Accessories,Accessories Item 21,$448.46,3,0,"$1,345.38"
148,ORD-1148,2023-11-23,2023-11-27,Same Day,CUST-169,Corporate,South,Pennsylvania,Technology,Copiers,Copiers Item 46,$232.94,2,0.15,$465.88
295,ORD-1295,2023-03-17,2023-03-18,Second Class,CUST-190,Home Office,Central,Pennsylvania,Furniture,Chairs,Chairs Item 26,$53.52,5,0,$267.60
257,ORD-1257,2023-06-15,2023-06-20,Second Class,CUST-187,Consumer,Central,Arizona,Office Supplies,Paper,Paper Item 29,$162.25,3,0.1,$486.75
291,ORD-1291,2023-08-19,2023-08-23,First Class,CUST-133,Home Office,Central,Pennsylvania,Furniture,Chairs,Chairs Item 6,$431.42,7,0.3,"$3,019.94"
214,ORD-1214,2023-09-20,2023-09-25,Second Class,CUST-175,Home Office,Central,New York,Office Supplies,Envelopes,Envelopes Item 32,$471.50,7,0.15,"$3,300.50"
119,ORD-1119,2023-02-27,2023-03-01,First Class,CUST-183,Home Office,Central,Ohio,Furniture,Furnishings,Furnishings Item 31,$306.23,5,0,"$1,531.15"
99,ORD-1099,2023-11-20,2023-11-27,First Class,CUST-172,Corporate,South,Arizona,Technology,Copiers,Copiers Item 15,$493.76,4,0,"$1,975.04"
173,ORD-1173,2023-07-13,2023-07-14,First Class,CUST-157,Corporate,Central,Ohio,Technology,Phones,Phones Item 14,$232.59,3,0.2,$697.77
47,ORD-1047,2023-06-18,2023-06-22,First Class,CUST-181,Corporate,South,Illinois,Office Supplies,Storage,Storage Item 41,$294.87,7,0.15,"$2,064.09"
142,ORD-1142,2023-12-07,2023-12-10,Same Day,CUST-176,Corporate,South,Texas,Technology,Phones,Phones Item 38,$437.32,7,0,"$3,061.24"
68,ORD-1068,2023-09-10,2023-09-13,First Class,CUST-145,Consumer,West,Arizona,Technology,Accessories,Accessories Item 7,$155.83,1,0,$155.83
200,ORD-1200,2023-01-02,2023-01-08,First Class,CUST-114,Home Office,South,Texas,Furniture,Chairs,Chairs Item 46,$313.83,6,0,"$1,882.98"
218,ORD-1218,2023-05-25,2023-05-28,Standard Class,CUST-150,Consumer,East,Pennsylvania,Furniture,Chairs,Chairs Item 39,$390.65,7,0,"$2,734.55"
109,ORD-1109,2023-04-01,2023-04-08,Standard Class,CUST-104,Corporate,Central,Georgia,Office Supplies,Storage,Storage Item 36,$86.15,5,0,$430.75
211,ORD-1211,2023-10-06,2023-10-08,First Class,CUST-110,Corporate,Central,Washington,Office Supplies,Supplies,Supplies Item 26,$281.47,8,0.1,"$2,251.76"
297,ORD-1297,2023-05-31,2023-06-06,First Class,CUST-137,Consumer,South,Arizona,Furniture,Tables,Tables Item 49,$105.82,6,0,$634.92
16,ORD-1016,2023-10-15,2023-10-19,Second Class,CUST-126,Consumer,West,New York,Furniture,Furnishings,Furnishings Item 46,$252.85,6,0,"$1,517.10"
114,ORD-1114,2023-08-21,2023-08-24,First Class,CUST-107,Home Office,East,Pennsylvania,Technology,Copiers,Copiers Item 18,$14.39,6,0,$86.34
8,ORD-1008,2023-10-31,2023-11-02,First Class,CUST-100,Home Office,East,Pennsylvania,Technology,Phones,Phones Item 34,$389.02,3,0.2,"$1,167.06"
271,ORD-1271,2023-02-08,2023-02-14,First Class,CUST-153,Consumer,West,Arizona,Furniture,Chairs,Chairs Item 16,$100.64,3,0.15,$301.92
147,ORD-1147,2023-06-15,2023-06-19,First Class,CUST-163,Consumer,Central,Florida,Furniture,Bookcases,Bookcases Item 48,$204.02,6,0.2,"$1,224.12"
217,ORD-1217,2023-02-11,2023-02-17,Same Day,CUST-185,Home Office,Central,Washington,Technology,Accessories,Accessories Item 6,$526.00,7,0,"$3,682.00"
208,ORD-1208,2023-07-05,2023-07-11,First Class,CUST-159,Corporate,East,Ohio,Office Supplies,Paper,Paper Item 48,$193.95,1,0,$193.95
9,ORD-1009,2023-07-04,2023-07-08,Same Day,CUST-113,Consumer,West,New York,Technology,Copiers,Copiers Item 34,$261.22,7,0.1,"$1,828.54"
28,ORD-1028,2023-01-02,2023-01-09,First Class,CUST-123,Consumer,West,Texas,Technology,Copiers,Copiers Item 42,$87.69,6,0,$526.14
274,ORD-1274,2023-08-05,2023-08-12,Standard Class,CUST-152,Home Office,West,Georgia,Technology,Phones,Phones Item 11,$364.35,2,0.2,$728.70
59,ORD-1059,2023-10-11,2023-10-17,Same Day,CUST-110,Corporate,East,Texas,Office Supplies,Storage,Storage Item 34,$358.97,5,0,"$1,794.85"
203,ORD-1203,2023-12-03,2023-12-09,Standard Class,CUST-152,Corporate,South,Arizona,Technology,Phones,Phones Item 45,$286.47,4,0.15,"$1,145.86"
161,ORD-1161,2023-06-15,2023-06-16,Second Class,CUST-179,Corporate,West,California,Furniture,Furnishings,Furnishings Item 22,$305.49,2,0.1,$610.98
235,ORD-1235,2023-12-29,2024-01-04,Same Day,CUST-172,Home Office,East,New York,Furniture,Chairs,Chairs Item 24,$113.51,2,0,$227.02
32,ORD-1032,2023-07-27,2023-08-03,Same Day,CUST-138,Home Office,Central,California,Technology,Phones,Phones Item 25,$365.92,3,0.3,"$1,097.76"
2,ORD-1002,2023-07-07,2023-07-08,First Class,CUST-143,Corporate,Central,California,Office Supplies,Envelopes,Envelopes Item 47,$355.55,4,0.2,"$1,422.20"
289,ORD-1289,2023-06-05,2023-06-06,Second Class,CUST-158,Consumer,Central,Florida,Furniture,Tables,Tables Item 33,$63.33,4,0,$253.32
14,ORD-1014,2023-06-30,2023-07-04,Same Day,CUST-136,Consumer,Central,Ohio,Technology,Accessories,Accessories Item 32,$201.55,5,0,"$1,007.75"
10,ORD-1010,2023-07-29,2023-08-03,Second Class,CUST-153,Consumer,South,Pennsylvania,Furniture,Bookcases,Bookcases Item 16,$20.83,3,0.1,$62.49
288,ORD-1288,2023-02-18,2023-02-19,Same Day,CUST-127,Corporate,West,Illinois,Furniture,Furnishings,Furnishings Item 23,$230.24,5,0.1,"$1,151.20"
96,ORD-1096,2023-06-05,2023-06-11,Second Class,CUST-195,Corporate,Central,Pennsylvania,Technology,Accessories,Accessories Item 21,$78.70,1,0.15,$78.70
35,ORD-1035,2023-08-31,2023-09-01,Standard Class,CUST-179,Consumer,East,New York,Office Supplies,Binders,Binders Item 12,$293.80,7,0.15,"$2,056.60"
97,ORD-1097,2023-11-09,2023-11-14,Second Class,CUST-157,Consumer,Central,New York,Furniture,Bookcases,Bookcases Item 46,$275.32,3,0,$825.96
198,ORD-1198,2023-02-18,2023-02-22,Standard Class,CUST-103,Consumer,South,Florida,Technology,Copiers,Copiers Item 50,$527.45,6,0,"$3,164.70"
293,ORD-1293,2023-09-27,2023-09-28,Standard Class,CUST-142,Home Office,South,Washington,Office Supplies,Supplies,Supplies Item 8,$187.61,1,0.3,$187.61
272,ORD-1272,2023-09-08,2023-09-09,Same Day,CUST-105,Home Office,South,Georgia,Office Supplies,Storage,Storage Item 2,$467.44,1,0,$467.44
242,ORD-1242,2023-07-04,2023-07-09,First Class,CUST-137,Home Office,East,Arizona,Office Supplies,Labels,Labels Item 46,$138.71,7,0.2,$970.97
195,ORD-1195,2023-07-31,2023-08-02,Second Class,CUST-164,Consumer,Central,Pennsylvania,Technology,Accessories,Accessories Item 31,$25.89,5,0.1,$129.45
46,ORD-1046,2023-06-08,2023-06-11,Same Day,CUST-165,Consumer,Central,Pennsylvania,Office Supplies,Storage,Storage Item 48,$504.33,7,0.1,"$3,530.31"
215,ORD-1215,2023-06-08,2023-06-13,First Class,CUST-164,Home Office,East,Pennsylvania,Furniture,Tables,Tables Item 19,$236.09,6,0.2,"$1,416.54"
33,ORD-1033,2023-12-17,2023-12-24,Standard Class,CUST-102,Corporate,South,California,Technology,Copiers,Copiers Item 32,$61.82,6,0,$370.92
78,ORD-1078,2023-12-02,2023-12-09,First Class,CUST-153,Consumer,East,Georgia,Technology,Machines,Machines Item 50,$81.31,5,0.1,$406.55
236,ORD-1236,2023-03-28,2023-03-31,Same Day,CUST-176,Consumer,East,Washington,Technology,Copiers,Copiers Item 41,$149.25,5,0,$746.25
134,ORD-1134,2023-11-01,2023-11-04,Same Day,CUST-172,Consumer,East,Texas,Office Supplies,Storage,Storage Item 11,$518.08,4,0,"$2,072.32"
145,ORD-1145,2023-09-20,2023-09-24,Standard Class,CUST-163,Corporate,South,Texas,Technology,Accessories,Accessories Item 24,$522.73,5,0,"$2,613.65"
157,ORD-1157,2023-04-22,2023-04-24,Standard Class,CUST-156,Corporate,Central,Illinois,Technology,Copiers,Copiers Item 11,$449.57,3,0.3,"$1,348.71"
64,ORD-1064,2023-10-24,2023-10-30,Same Day,CUST-118,Consumer,Central,Texas,Technology,Phones,Phones Item 36,$539.19,6,0.15,"$3,235.14"
83,ORD-1083,2023-05-16,2023-05-20,Standard Class,CUST-187,Consumer,South,California,Office Supplies,Envelopes,Envelopes Item 43,$189.96,5,0.1,$949.80
237,ORD-1237,2023-04-11,2023-04-12,Same Day,CUST-190,Corporate,Central,Arizona,Furniture,Tables,Tables Item 12,$466.28,6,0,"$2,797.68"
229,ORD-1229,2023-09-28,2023-09-30,Same Day,CUST-177,Home Office,Central,Arizona,Office Supplies,Paper,Paper Item 46,$80.47,3,0.15,$241.41
238,ORD-1238,2023-02-01,2023-02-03,First Class,CUST-161,Corporate,East,California,Furniture,Chairs,Chairs Item 11,$504.90,5,0.2,"$2,524.50"
42,ORD-1042,2023-12-04,2023-12-08,First Class,CUST-109,Consumer,East,California,Furniture,Tables,Tables Item 3,$508.96,6,0,"$3,053.76"
185,ORD-1185,2023-12-20,2023-12-24,Standard Class,CUST-144,Consumer,South,Florida,Furniture,Tables,Tables Item 28,$179.11,8,0,"$1,432.88"
165,ORD-1165,2023-03-23,2023-03-30,Standard Class,CUST-113,Corporate,East,Arizona,Furniture,Tables,Tables Item 5,$87.82,3,0.1,$263.46
110,ORD-1110,2023-01-08,2023-01-15,Same Day,CUST-100,Home Office,West,Georgia,Furniture,Chairs,Chairs Item 2,$64.40,6,0.15,$386.40
180,ORD-1180,2023-05-29,2023-05-30,Same Day,CUST-181,Home Office,East,California,Technology,Accessories,Accessories Item 41,$291.23,2,0.3,$582.46
222,ORD-1222,2023-03-05,2023-03-08,Same Day,CUST-126,Corporate,West,Texas,Office Supplies,Envelopes,Envelopes Item 22,$169.42,7,0,"$1,185.94"
122,ORD-1122,2023-06-21,2023-06-23,Standard Class,CUST-192,Consumer,West,Ohio,Furniture,Furnishings,Furnishings Item 10,$473.00,8,0.3,"$3,784.00"
52,ORD-1052,2023-07-08,2023-07-12,Same Day,CUST-157,Consumer,East,Georgia,Office Supplies,Envelopes,Envelopes Item 6,$67.94,6,0,$407.64
57,ORD-1057,2023-01-12,2023-01-17,Second Class,CUST-101,Consumer,Central,Pennsylvania,Technology,Accessories,Accessories Item 42,$165.27,8,0.1,"$1,322.16"
159,ORD-1159,2023-02-12,2023-02-15,Standard Class,CUST-195,Consumer,West,Arizona,Technology,Phones,Phones Item 8,$234.85,4,0.15,$939.40
86,ORD-1086,2023-03-04,2023-03-09,Second Class,CUST-160,Home Office,East,Georgia,Technology,Copiers,Copiers Item 32,$264.72,8,0.2,"$2,117.76"
121,ORD-1121,2023-01-13,2023-01-19,Standard Class,CUST-149,Corporate,Central,Arizona,Office Supplies,Binders,Binders Item 5,$489.75,6,0,"$2,938.50"
294,ORD-1294,2023-01-29,2023-02-02,Same Day,CUST-180,Corporate,Central,Texas,Furniture,Chairs,Chairs Item 24,$538.01,3,0.1,"$1,614.03"
296,ORD-1296,2023-09-24,2023-09-28,First Class,CUST-193,Home Office,Central,Georgia,Furniture,Bookcases,Bookcases Item 26,$286.47,2,0.1,$572.93
209,ORD-1209,2023-05-29,2023-06-02,Second Class,CUST-190,Home Office,Central,Florida,Technology,Phones,Phones Item 39,$299.10,4,0,"$1,196.40"
247,ORD-1247,2023-04-27,2023-05-01,Second Class,CUST-147,Corporate,West,New York,Office Supplies,Fasteners,Fasteners Item 18,$476.34,7,0,"$3,334.38"
213,ORD-1213,2023-08-12,2023-08-13,Second Class,CUST-194,Consumer,Central,New York,Office Supplies,Fasteners,Fasteners Item 45,$263.66,6,0,"$1,581.96"
88,ORD-1088,2023-08-26,2023-08-30,First Class,CUST-162,Corporate,East,California,Office Supplies,Art,Art Item 50,$161.37,7,0.2,"$1,129.59"
166,ORD-1166,2023-07-06,2023-07-07,Same Day,CUST-100,Consumer,East,Georgia,Furniture,Chairs,Chairs Item 39,$23.02,3,0.15,$69.06
219,ORD-1219,2023-10-15,2023-10-19,First Class,CUST-114,Corporate,Central,Illinois,Office Supplies,Storage,Storage Item 16,$73.49,6,0.1,$440.94
189,ORD-1189,2023-01-31,2023-02-01,Standard Class,CUST-171,Consumer,East,Illinois,Office Supplies,Labels,Labels Item 25,$258.30,4,0,"$1,033.20"
106,ORD-1106,2023-06-13,2023-06-15,First Class,CUST-128,Corporate,Central,Illinois,Office Supplies,Fasteners,Fasteners Item 21,$4.91,3,0,$14.73
245,ORD-1245,2023-02-05,2023-02-07,Second Class,CUST-175,Corporate,Central,Ohio,Technology,Machines,Machines Item 49,$486.41,7,0,"$3,404.87"
183,ORD-1183,2023-08-27,2023-08-30,Same Day,CUST-118,Home Office,West,Pennsylvania,Technology,Phones,Phones Item 44,$325.77,5,0,"$1,628.85"
50,ORD-1050,2023-06-12,2023-06-18,First Class,CUST-176,Home Office,East,Texas,Technology,Accessories,Accessories Item 13,$326.18,1,0,$326.18
266,ORD-1266,2023-10-22,2023-10-24,Second Class,CUST-127,Corporate,Central,Ohio,Technology,Machines,Machines Item 14,$322.01,7,0.3,"$2,254.07"
6,ORD-1006,2023-06-18,2023-06-19,Second Class,CUST-145,Consumer,West,Washington,Office Supplies,Paper,Paper Item 34,$242.68,2,0.2,$485.36
18,ORD-1018,2023-02-21,2023-02-26,Same Day,CUST-162,Corporate,West,Pennsylvania,Furniture,Furnishings,Furnishings Item 21,$26.72,2,0.1,$53.44
249,ORD-1249,2023-04-19,2023-04-21,Second Class,CUST-151,Corporate,East,Pennsylvania,Office Supplies,Supplies,Supplies Item 13,$129.99,4,0,$519.96
117,ORD-1117,2023-07-30,2023-08-04,Standard Class,CUST-112,Corporate,East,Texas,Technology,Machines,Machines Item 45,$296.77,2,0.15,$593.54
243,ORD-1243,2023-04-03,2023-04-07,First Class,CUST-118,Corporate,East,New York,Furniture,Furnishings,Furnishings Item 49,$398.12,7,0.3,"$2,786.84"
107,ORD-1107,2023-03-01,2023-03-02,Same Day,CUST-148,Consumer,Central,Texas,Technology,Machines,Machines Item 17,$239.50,5,0.2,"$1,197.50"
188,ORD-1188,2023-11-06,2023-11-09,Same Day,CUST-188,Home Office,South,Arizona,Technology,Machines,Machines Item 1,$25.04,8,0.15,$200.32
163,ORD-1163,2023-04-27,2023-04-30,Standard Class,CUST-144,Consumer,Central,Illinois,Furniture,Bookcases,Bookcases Item 3,$371.06,7,0,"$2,597.42"
135,ORD-1135,2023-09-23,2023-09-24,Standard Class,CUST-125,Consumer,East,Ohio,Furniture,Bookcases,Bookcases Item 9,$229.81,1,0.1,$229.81
250,ORD-1250,2023-06-11,2023-06-16,Same Day,CUST-161,Corporate,South,Arizona,Technology,Machines,Machines Item 27,$263.97,1,0.1,$263.97
191,ORD-1191,2023-02-24,2023-02-28,Same Day,CUST-151,Consumer,East,Texas,Technology,Machines,Machines Item 49,$471.18,7,0,"$3,298.26"
65,ORD-1065,2023-01-26,2023-01-31,Same Day,CUST-104,Consumer,East,New York,Technology,Phones,Phones Item 36,$98.53,3,0,$295.59
27,ORD-1027,2023-06-21,2023-06-24,Same Day,CUST-174,Corporate,South,New York,Furniture,Furnishings,Furnishings Item 19,$55.58,6,0.2,$333.48
231,ORD-1231,2023-10-11,2023-10-17,Second Class,CUST-174,Corporate,Central,Pennsylvania,Office Supplies,Storage,Storage Item 42,$120.34,6,0,$722.04
170,ORD-1170,2023-03-01,2023-03-03,Same Day,CUST-179,Consumer,Central,Ohio,Technology,Phones,Phones Item 50,$78.92,8,0.15,$631.36
181,ORD-1181,2023-03-18,2023-03-21,Same Day,CUST-131,Corporate,East,Texas,Technology,Phones,Phones Item 29,$444.18,8,0,"$3,553.44"
101,ORD-1101,2023-04-20,2023-04-23,Same Day,CUST-114,Corporate,East,Texas,Office Supplies,Paper,Paper Item 15,$310.57,3,0.2,$931.71
210,ORD-1210,2023-03-09,2023-03-14,Same Day,CUST-164,Consumer,Central,Georgia,Technology,Copiers,Copiers Item 12,$398.16,8,0,"$3,185.28"
136,ORD-1136,2023-11-17,2023-11-22,Same Day,CUST-181,Corporate,East,Pennsylvania,Furniture,Chairs,Chairs Item 17,$293.84,6,0,"$1,763.04"
292,ORD-1292,2023-12-24,2023-12-29,Same Day,CUST-173,Home Office,Central,Pennsylvania,Furniture,Chairs,Chairs Item 40,$349.27,3,0.3,"$1,047.81"
268,ORD-1268,2023-03-24,2023-03-27,First Class,CUST-142,Consumer,East,New York,Office Supplies,Envelopes,Envelopes Item 50,$498.73,5,0.2,"$2,493.65"
199,ORD-1199,2023-07-18,2023-07-21,Second Class,CUST-186,Corporate,West,Florida,Furniture,Furnishings,Furnishings Item 47,$461.26,8,0,"$3,690.08"
118,ORD-1118,2023-09-21,2023-09-22,Standard Class,CUST-157,Consumer,Central,Florida,Furniture,Tables,Tables Item 34,$460.59,2,0,$921.18
167,ORD-1167,2023-05-05,2023-05-07,Same Day,CUST-114,Consumer,East,Illinois,Office Supplies,Envelopes,Envelopes Item 42,$298.26,4,0.2,"$1,193.04"
260,ORD-1260,2023-11-05,2023-11-11,Standard Class,CUST-152,Consumer,East,Arizona,Office Supplies,Paper,Paper Item 24,$276.56,1,0.15,$276.56
137,ORD-1137,2023-04-19,2023-04-21,Same Day,CUST-190,Consumer,East,Texas,Furniture,Chairs,Chairs Item 39,$286.64,3,0.1,$859.92
30,ORD-1030,2023-12-08,2023-12-09,Same Day,CUST-122,Consumer,West,Texas,Technology,Phones,Phones Item 34,$70.52,3,0.1,$211.56
80,ORD-1080,2023-12-10,2023-12-11,Second Class,CUST-122,Consumer,Central,California,Furniture,Bookcases,Bookcases Item 25,$324.20,5,0.1,"$1,621.00"
205,ORD-1205,2023-09-22,2023-09-26,Same Day,CUST-189,Home Office,South,Texas,Technology,Machines,Machines Item 2,$90.01,7,0,$630.07
141,ORD-1141,2023-02-22,2023-02-28,First Class,CUST-171,Corporate,Central,Georgia,Office Supplies,Supplies,Supplies Item 8,$506.68,6,0,"$3,040.08"
158,ORD-1158,2023-05-14,2023-05-15,Same Day,CUST-132,Corporate,East,California,Technology,Phones,Phones Item 42,$79.53,6,0.2,$477.18
132,ORD-1132,2023-12-10,2023-12-13,Same Day,CUST-153,Corporate,East,Georgia,Technology,Phones,Phones Item 43,$340.75,4,0.1,"$1,363.00"
40,ORD-1040,2023-07-08,2023-07-13,First Class,CUST-137,Home Office,Central,Arizona,Technology,Accessories,Accessories Item 26,$481.75,7,0.2,"$3,372.25"
179,ORD-1179,2023-06-02,2023-06-04,First Class,CUST-185,Consumer,East,Ohio,Office Supplies,Labels,Labels Item 5,$62.64,1,0,$62.64
206,ORD-1206,2023-10-26,2023-10-28,Standard Class,CUST-149,Corporate,East,Georgia,Furniture,Bookcases,Bookcases Item 49,$133.05,5,0,$665.25
216,ORD-1216,2023-01-17,2023-01-23,Standard Class,CUST-144,Corporate,West,Washington,Technology,Accessories,Accessories Item 38,$75.61,4,0,$302.44
233,ORD-1233,2023-05-04,2023-05-10,Same Day,CUST-135,Consumer,West,California,Furniture,Tables,Tables Item 10,$227.89,4,0.1,$911.56
55,ORD-1055,2023-02-16,2023-02-22,Same Day,CUST-153,Home Office,East,Florida,Office Supplies,Art,Art Item 40,$265.74,2,0,$531.48
300,ORD-1300,2023-01-16,2023-01-23,Standard Class,CUST-132,Home Office,West,Washington,Furniture,Chairs,Chairs Item 25,$71.67,8,0,$573.36
201,ORD-1201,2023-12-28,2023-12-29,Same Day,CUST-193,Consumer,Central,Pennsylvania,Office Supplies,Art,Art Item 10,$160.18,2,0.3,$320.36
44,ORD-1044,2023-10-29,2023-11-02,Standard Class,CUST-149,Home Office,East,Georgia,Office Supplies,Paper,Paper Item 24,$214.26,6,0.15,"$1,285.56"
264,ORD-1264,2023-12-23,2023-12-25,Same Day,CUST-190,Home Office,West,New York,Furniture,Furnishings,Furnishings Item 32,$182.13,4,0.15,$728.52
49,ORD-1049,2023-08-15,2023-08-21,Second Class,CUST-108,Corporate,East,Pennsylvania,Technology,Phones,Phones Item 7,$527.55,2,0.2,"$1,055.10"
36,ORD-1036,2023-10-02,2023-10-07,Standard Class,CUST-139,Consumer,Central,Arizona,Office Supplies,Envelopes,Envelopes Item 22,$359.95,8,0.3,"$2,879.60"
60,ORD-1060,2023-11-12,2023-11-13,Same Day,CUST-123,Corporate,West,Georgia,Office Supplies,Supplies,Supplies Item 39,$112.22,1,0.3,$112.22
144,ORD-1144,2023-10-19,2023-10-20,Standard Class,CUST-114,Home Office,South,New York,Technology,Copiers,Copiers Item 20,$507.33,6,0,"$3,043.98"
54,ORD-1054,2023-10-18,2023-10-21,Second Class,CUST-130,Consumer,West,Arizona,Technology,Copiers,Copiers Item 8,$515.13,5,0.1,"$2,575.65"
21,ORD-1021,2023-09-02,2023-09-06,Standard Class,CUST-190,Consumer,South,Washington,Furniture,Tables,Tables Item 24,$149.77,8,0,"$1,198.16"
125,ORD-1125,2023-01-02,2023-01-04,Standard Class,CUST-171,Corporate,West,Illinois,Technology,Phones,Phones Item 49,$209.92,7,0.2,"$1,469.44"
143,ORD-1143,2023-07-13,2023-07-17,Standard Class,CUST-161,Home Office,West,Washington,Furniture,Bookcases,Bookcases Item 50,$157.37,8,0,"$1,258.96"
111,ORD-1111,2023-02-02,2023-02-06,Same Day,CUST-156,Home Office,East,New York,Technology,Phones,Phones Item 1,$286.47,5,0.15,"$1,432.33"
255,ORD-1255,2023-03-03,2023-03-07,Same Day,CUST-116,Corporate,East,Pennsylvania,Office Supplies,Storage,Storage Item 14,$286.47,7,0,"$2,005.26"
77,ORD-1077,2023-12-04,2023-12-09,Standard Class,CUST-101,Home Office,West,Pennsylvania,Office Supplies,Art,Art Item 27,$93.41,6,0,$560.46
282,ORD-1282,2023-07-11,2023-07-15,Second Class,CUST-148,Corporate,East,Arizona,Furniture,Bookcases,Bookcases Item 49,$404.29,1,0,$404.29
273,ORD-1273,2023-03-25,2023-03-29,Second Class,CUST-142,Corporate,West,New York,Technology,Accessories,Accessories Item 41,$491.61,2,0,$983.22
108,ORD-1108,2023-07-13,2023-07-15,Same Day,CUST-130,Corporate,East,Arizona,Technology,Machines,Machines Item 24,$377.06,3,0,"$1,131.18"
94,ORD-1094,2023-08-11,2023-08-16,Standard Class,CUST-122,Corporate,East,Washington,Office Supplies,Supplies,Supplies Item 18,$469.93,8,0,"$3,759.44"
13,ORD-1013,2023-02-08,2023-02-09,First Class,CUST-169,Home Office,Central,Pennsylvania,Technology,Phones,Phones Item 9,$277.57,8,0,"$2,220.56"
17,ORD-1017,2023-10-23,2023-10-28,Second Class,CUST-116,Corporate,East,Texas,Office Supplies,Storage,Storage Item 38,$396.83,6,0.1,"$2,380.98"
48,ORD-1048,2023-03-06,2023-03-12,Same Day,CUST-119,Corporate,South,Washington,Furniture,Tables,Tables Item 44,$76.13,8,0.15,$609.04
187,ORD-1187,2023-07-14,2023-07-16,Second Class,CUST-179,Home Office,East,California,Office Supplies,Envelopes,Envelopes Item 30,$369.25,8,0,"$2,954.00"
204,ORD-1204,2023-06-16,2023-06-20,Same Day,CUST-137,Consumer,Central,California,Office Supplies,Art,Art Item 20,$53.01,6,0,$318.06
267,ORD-1267,2023-02-09,2023-02-13,Standard Class,CUST-161,Home Office,East,New York,Furniture,Bookcases,Bookcases Item 47,$115.31,4,0.1,$461.24
120,ORD-1120,2023-07-14,2023-07-20,First Class,CUST-154,Consumer,East,Pennsylvania,Office Supplies,Fasteners,Fasteners Item 50,$232.92,8,0.1,"$1,863.36"
22,ORD-1022,2023-11-07,2023-11-11,Standard Class,CUST-102,Corporate,East,Texas,Technology,Accessories,Accessories Item 45,$80.58,3,0.1,$241.74
84,ORD-1084,2023-07-08,2023-07-09,Same Day,CUST-138,Home Office,East,Ohio,Office Supplies,Labels,Labels Item 32,$100.92,1,0,$100.92
131,ORD-1131,2023-04-21,2023-04-28,First Class,CUST-186,Consumer,East,Ohio,Furniture,Bookcases,Bookcases Item 50,$524.34,5,0,"$2,621.70"
230,ORD-1230,2023-06-03,2023-06-05,First Class,CUST-126,Corporate,East,Washington,Office Supplies,Envelopes,Envelopes Item 14,$238.76,8,0.1,"$1,910.08"
124,ORD-1124,2023-07-14,2023-07-20,First Class,CUST-154,Corporate,West,Pennsylvania,Technology,Accessories,Accessories Item 46,$476.60,7,0.2,"$3,336.20"
34,ORD-1034,2023-01-03,2023-01-10,Same Day,CUST-157,Consumer,East,Pennsylvania,Office Supplies,Art,Art Item 41,$259.19,6,0.2,"$1,555.14"
5,ORD-1005,2023-09-29,2023-10-04,First Class,CUST-171,Corporate,East,New York,Technology,Phones,Phones Item 17,$206.27,1,0.1,$206.27
20,ORD-1020,2023-08-12,2023-08-17,Standard Class,CUST-102,Consumer,East,New York,Technology,Copiers,Copiers Item 25,$431.37,1,0,$431.37
220,ORD-1220,2023-02-24,2023-02-25,Standard Class,CUST-146,Consumer,East,Washington,Office Supplies,Fasteners,Fasteners Item 38,$286.47,2,0.1,$572.93
150,ORD-1150,2023-04-22,2023-04-23,First Class,CUST-131,Home Office,West,California,Office Supplies,Fasteners,Fasteners Item 39,$473.90,5,0,"$2,369.50"
225,ORD-1225,2023-06-21,2023-06-25,Standard Class,CUST-139,Corporate,South,Pennsylvania,Technology,Copiers,Copiers Item 28,$460.79,8,0,"$3,686.32"
248,ORD-1248,2023-06-01,2023-06-08,First Class,CUST-104,Corporate,South,Washington,Office Supplies,Art,Art Item 13,$477.17,2,0.2,$954.34
277,ORD-1277,2023-07-10,2023-07-16,Same Day,CUST-168,Consumer,West,Georgia,Technology,Machines,Machines Item 24,$333.46,6,0,"$2,000.76"
152,ORD-1152,2023-12-17,2023-12-21,Second Class,CUST-167,Home Office,East,Washington,Office Supplies,Paper,Paper Item 31,$143.29,3,0.15,$429.87
234,ORD-1234,2023-07-12,2023-07-17,Second Class,CUST-166,Consumer,East,California,Office Supplies,Envelopes,Envelopes Item 21,$224.23,2,0.3,$448.46
11,ORD-1011,2023-04-11,2023-04-14,First Class,CUST-181,Consumer,West,Georgia,Office Supplies,Paper,Paper Item 3,$157.64,8,0,"$1,261.12"
72,ORD-1072,2023-07-12,2023-07-15,First Class,CUST-149,Home Office,South,Washington,Technology,Accessories,Accessories Item 45,$506.90,7,0.1,"$3,548.30"
253,ORD-1253,2023-05-19,2023-05-20,Same Day,CUST-195,Consumer,West,Texas,Furniture,Chairs,Chairs Item 7,$455.68,6,0.15,"$2,734.08"
93,ORD-1093,2023-03-27,2023-04-03,Standard Class,CUST-100,Home Office,South,Illinois,Furniture,Furnishings,Furnishings Item 34,$20.17,7,0,$141.19
193,ORD-1193,2023-09-24,2023-09-29,First Class,CUST-140,Home Office,Central,California,Technology,Machines,Machines Item 21,$68.65,8,0.2,$549.20
258,ORD-1258,2023-06-12,2023-06-17,Same Day,CUST-159,Home Office,West,Florida,Furniture,Furnishings,Furnishings Item 35,$372.41,5,0.15,"$1,862.05"
196,ORD-1196,2023-12-06,2023-12-08,Standard Class,CUST-113,Corporate,West,New York,Office Supplies,Labels,Labels Item 18,$56.86,5,0.3,$284.30
138,ORD-1138,2023-05-24,2023-05-28,First Class,CUST-141,Corporate,West,Florida,Technology,Accessories,Accessories Item 7,$523.93,1,0.1,$523.93
261,ORD-1261,2023-12-06,2023-12-10,First Class,CUST-150,Corporate,South,Arizona,Office Supplies,Supplies,Supplies Item 37,$43.23,4,0.1,$172.92
202,ORD-1202,2023-09-03,2023-09-10,Same Day,CUST-167,Corporate,East,California,Furniture,Chairs,Chairs Item 49,$463.82,3,0.3,"$1,391.46"
190,ORD-1190,2023-12-08,2023-12-11,First Class,CUST-184,Home Office,Central,Georgia,Technology,Machines,Machines Item 29,$151.61,5,0,$758.05
252,ORD-1252,2023-03-03,2023-03-10,Second Class,CUST-188,Home Office,Central,Georgia,Furniture,Bookcases,Bookcases Item 9,$119.63,2,0,$239.26
113,ORD-1113,2023-01-29,2023-02-01,Second Class,CUST-178,Consumer,Central,Washington,Office Supplies,Supplies,Supplies Item 40,$332.00,5,0,"$1,660.00"
184,ORD-1184,2023-06-10,2023-06-14,First Class,CUST-160,Corporate,East,Georgia,Office Supplies,Art,Art Item 47,$217.75,7,0,"$1,524.25"
153,ORD-1153,2023-09-20,2023-09-27,Same Day,CUST-138,Corporate,South,Washington,Furniture,Tables,Tables Item 2,$222.43,6,0.3,"$1,334.58"
192,ORD-1192,2023-12-18,2023-12-25,Second Class,CUST-135,Consumer,West,Florida,Office Supplies,Labels,Labels Item 41,$267.04,2,0.1,$534.08
45,ORD-1045,2023-01-23,2023-01-24,Standard Class,CUST-145,Consumer,Central,Ohio,Furniture,Tables,Tables Item 12,$204.66,5,0,"$1,023.30"
276,ORD-1276,2023-02-08,2023-02-11,Standard Class,CUST-168,Corporate,West,Florida,Office Supplies,Binders,Binders Item 22,$355.63,2,0.15,$711.26
7,ORD-1007,2023-02-05,2023-02-08,Same Day,CUST-179,Corporate,East,Georgia,Technology,Accessories,Accessories Item 20,$161.43,2,0.15,$322.86
251,ORD-1251,2023-04-24,2023-04-26,Same Day,CUST-185,Home Office,East,Texas,Furniture,Furnishings,Furnishings Item 18,$319.92,2,0,$639.84
76,ORD-1076,2023-07-03,2023-07-10,Same Day,CUST-195,Corporate,East,New York,Technology,Copiers,Copiers Item 16,$379.47,2,0.15,$758.94
1,ORD-1001,2023-08-27,2023-08-31,Standard Class,CUST-182,Consumer,South,Illinois,Furniture,Bookcases,Bookcases Item 5,$536.69,6,0.2,"$3,220.14"
69,ORD-1069,2023-10-14,2023-10-19,Standard Class,CUST-160,Home Office,Central,California,Technology,Copiers,Copiers Item 21,$122.83,8,0.15,$982.64
168,ORD-1168,2023-06-04,2023-06-07,Second Class,CUST-170,Corporate,Central,Florida,Furniture,Chairs,Chairs Item 38,$279.28,5,0.2,"$1,396.40"
219,ORD-1219,2023-10-15,2023-10-19,First Class,CUST-114,Corporate,Central,Illinois,Office Supplies,Storage,Storage Item 16,$73.49,5,0.1,$367.45
43,ORD-1043,2023-10-20,2023-10-27,Same Day,CUST-194,Consumer,East,Washington,Office Supplies,Envelopes,Envelopes Item 39,$354.80,5,0.2,"$1,774.00"
73,ORD-1073,2023-04-09,2023-04-15,Same Day,CUST-130,Corporate,East,Florida,Office Supplies,Labels,Labels Item 25,$67.26,1,0,$67.26
24,ORD-1024,2023-12-22,2023-12-24,Same Day,CUST-103,Consumer,South,Washington,Technology,Machines,Machines Item 19,$286.47,4,0.2,"$1,145.86"
186,ORD-1186,2023-07-14,2023-07-15,Standard Class,CUST-115,Corporate,South,Arizona,Furniture,Tables,Tables Item 20,$121.14,7,0.1,$847.98
104,ORD-1104,2023-02-20,2023-02-21,First Class,CUST-192,Home Office,West,Illinois,Office Supplies,Art,Art Item 3,$138.35,5,0,$691.75
212,ORD-1212,2023-02-06,2023-02-10,Second Class,CUST-145,Home Office,East,Arizona,Furniture,Bookcases,Bookcases Item 4,$327.75,2,0,$655.50
26,ORD-1026,2023-04-20,2023-04-24,First Class,CUST-195,Consumer,East,Texas,Technology,Phones,Phones Item 38,$490.37,2,0.3,$980.74
197,ORD-1197,2023-03-23,2023-03-29,Standard Class,CUST-193,Consumer,West,Washington,Furniture,Tables,Tables Item 33,$479.79,8,0.15,"$3,838.32"
176,ORD-1176,2023-02-04,2023-02-08,First Class,CUST-145,Home Office,East,New York,Office Supplies,Supplies,Supplies Item 3,$121.49,4,0.15,$485.96
